City_ID,City,Lat,Lng,Max Temp,Humidity,Cloudiness,Wind Speed,Country,Date
0,cape town,-33.9258,18.4232,22.29,66,20,5.14,ZA,1681386978
1,hovd,48.0056,91.6419,4.11,25,69,1.77,MN,1681386978
2,rikitea,-23.1203,-134.9692,25.64,70,100,5.48,PF,1681386979
3,marshall,34.3834,-86.3333,15.76,67,89,4.34,US,1681386762
4,vaini,-21.2,-175.2,25.09,88,20,3.6,TO,1681386979
5,college,64.8569,-147.8028,-10.82,82,100,2.57,US,1681386979
6,hilo,19.7297,-155.09,21.27,93,75,3.58,US,1681386979
7,matadi,-5.8167,13.45,32.19,58,78,0.93,CD,1681386979
8,hasaki,35.7333,140.8333,14.56,69,0,8.16,JP,1681386980
9,albany,42.6001,-73.9662,18.18,69,0,0.89,US,1681386980
10,freeport,40.6576,-73.5832,21.09,56,0,1.54,US,1681386709
11,santa cruz,-17.8,-63.1667,24.7,88,75,6.17,BO,1681386978
12,ambon,-3.6954,128.1814,26.08,94,40,3.09,ID,1681386463
13,port elizabeth,-33.918,25.5701,25.05,51,0,8.75,ZA,1681386942
14,clyde river,70.4692,-68.5914,-14.87,72,100,9.77,CA,1681386981
15,ushuaia,-54.8,-68.3,4.81,81,75,2.57,AR,1681386687
16,cherskiy,68.75,161.3,-24.05,100,83,1.24,RU,1681386981
17,avarua,-21.2078,-159.775,25.03,78,75,2.06,CK,1681386981
18,east london,-33.0153,27.9116,21.52,60,20,5.14,ZA,1681386982
19,talcahuano,-36.7167,-73.1167,13.82,94,100,1.54,CL,1681386816
20,kirakira,-10.4544,161.9205,26.65,82,28,0.9,SB,1681386982
21,yulara,-25.2406,130.9889,26.44,48,88,2.81,AU,1681386983
22,hermanus,-34.4187,19.2345,21.56,69,46,6.52,ZA,1681386983
23,aktash,50.3,87.7333,-4.94,75,100,2.01,RU,1681386983
24,mataura,-46.1927,168.8643,11.38,87,59,3.66,NZ,1681386984
25,pitiquito,30.7,-112.0833,17.49,27,82,3.53,MX,1681386984
26,atuona,-9.8,-139.0333,26.85,66,96,1.21,PF,1681386984
27,tautira,-17.7333,-149.15,26.79,69,17,5.81,PF,1681386985
28,ponta do sol,32.6667,-17.1,22.06,70,14,1.35,PT,1681386985
29,christchurch,-43.5333,172.6333,13.84,89,75,2.57,NZ,1681386707
30,chokurdakh,70.6333,147.9167,-24.82,100,44,2.59,RU,1681386985
31,taksimo,56.3444,114.8794,-3.41,78,100,1.1,RU,1681386986
32,kruisfontein,-34.0033,24.7314,23.82,35,66,8.11,ZA,1681386986
33,mendi,-6.1761,143.6513,13.62,98,99,0.73,PG,1681386986
34,maragogi,-9.0122,-35.2225,27.3,75,97,5.9,BR,1681386986
35,port alfred,-33.5906,26.891,20.1,79,95,3.13,ZA,1681386987
36,neepawa,50.2289,-99.4664,2.22,94,100,2.12,CA,1681386987
37,maceio,-9.6658,-35.7353,25.69,83,75,1.54,BR,1681386517
38,upernavik,72.7868,-56.1549,-9.57,88,100,0.89,GL,1681386987
39,hirara,24.8,125.2833,23.15,94,75,5.14,JP,1681386987
40,kudahuvadhoo,2.6708,72.8944,29.09,71,22,2.62,MV,1681386988
41,la ronge,55.1001,-105.2842,-3.86,86,20,0.0,CA,1681386988
42,kapaa,22.0752,-159.319,23.18,87,40,5.66,US,1681386988
43,vargem grande,-3.5431,-43.9158,27.5,81,82,0.99,BR,1681386988
44,nova vicosa,-17.8919,-39.3719,25.26,88,62,2.71,BR,1681386988
45,dikson,73.5069,80.5464,-16.29,88,96,9.09,RU,1681386988
46,ribeira grande,38.5167,-28.7,18.22,88,75,7.15,PT,1681386989
47,antalaha,-14.9003,50.2788,28.63,66,41,3.36,MG,1681386989
48,punta arenas,-53.15,-70.9167,-0.94,93,75,3.09,CL,1681386989
49,henties bay,-22.116,14.2845,18.61,68,2,5.24,NA,1681386989
50,qui nhon,13.7667,109.2333,26.07,89,31,2.01,VN,1681386989
51,busselton,-33.65,115.3333,12.49,80,96,10.29,AU,1681386990
52,bandarbeyla,9.4942,50.8122,29.72,67,56,4.64,SO,1681386990
53,airai,-8.9266,125.4092,16.88,94,96,0.58,TL,1681386990
54,puerto ayora,-0.7393,-90.3518,24.19,96,56,0.57,EC,1681386991
55,kurumkan,54.3,110.3,-4.75,59,77,3.69,RU,1681386991
56,geraldton,-28.7667,114.6,19.23,94,75,8.75,AU,1681386991
57,hamilton,39.1834,-84.5333,14.43,69,20,0.0,US,1681386936
58,qaanaaq,77.484,-69.3632,-14.63,74,0,2.32,GL,1681386991
59,nuuk,64.1835,-51.7216,0.34,80,75,2.06,GL,1681386991
60,luau,-10.7073,22.2247,23.73,74,91,1.02,AO,1681386992
61,narasapur,16.45,81.6667,30.8,57,1,5.73,IN,1681386992
62,bera,24.0833,89.6167,35.45,21,1,1.75,BD,1681386989
63,tiksi,71.6872,128.8694,-19.9,96,100,1.65,RU,1681386993
64,zhaozhou,45.6833,125.3167,6.33,30,1,2.9,CN,1681386993
65,qaqortoq,60.7167,-46.0333,1.33,75,100,0.69,GL,1681386993
66,morehead,37.2711,-87.1764,4.86,100,0,0.0,US,1681386993
67,faya,18.3851,42.4509,23.06,39,0,5.11,SA,1681386994
68,thompson,55.7435,-97.8558,-2.91,93,100,1.54,CA,1681386694
69,arraial do cabo,-22.9661,-42.0278,26.92,74,0,5.14,BR,1681386994
70,tasiilaq,65.6145,-37.6368,2.09,89,100,1.59,GL,1681386994
71,lebu,-37.6167,-73.65,12.33,94,65,2.06,CL,1681386995
72,kahului,20.8947,-156.47,23.8,78,20,7.15,US,1681386995
73,darhan,49.4867,105.9228,-1.25,49,90,2.22,MN,1681386995
74,shizunai,42.3339,142.3669,5.77,73,31,2.73,JP,1681386995
75,buala,-8.145,159.5921,26.58,83,94,0.98,SB,1681386996
76,farafangana,-22.8167,47.8333,26.78,74,39,3.27,MG,1681386996
77,lompoc,34.6391,-120.4579,8.9,80,100,8.05,US,1681386887
78,butaritari,3.0707,172.7902,27.42,80,35,5.5,KI,1681386996
79,caruray,10.3094,119.0128,26.49,82,46,1.6,PH,1681386996
80,comodoro rivadavia,-45.8667,-67.5,0.92,55,20,3.09,AR,1681386997
81,saldanha,-33.0117,17.9442,19.03,85,88,2.73,ZA,1681386997
82,jasper,37.2001,-94.3502,13.83,66,0,3.6,US,1681386997
83,new norfolk,-42.7826,147.0587,11.51,72,0,0.29,AU,1681386997
84,hobyo,5.3505,48.5268,29.92,64,99,4.63,SO,1681386997
85,alyangula,-13.8483,136.4192,28.27,74,28,5.15,AU,1681386997
86,narsaq,60.9167,-46.05,1.12,75,100,1.01,GL,1681386998
87,caravelas,-17.7125,-39.2481,25.46,89,69,2.06,BR,1681386998
88,hithadhoo,-0.6,73.0833,28.78,69,15,2.04,MV,1681386998
89,carnarvon,-24.8667,113.6333,22.57,65,6,10.61,AU,1681386998
90,hobart,-42.8794,147.3294,11.7,94,20,0.0,AU,1681386716
91,tazovskiy,67.4667,78.7,-16.26,89,100,6.23,RU,1681386999
92,kavieng,-2.5744,150.7967,28.37,77,96,5.43,PG,1681386999
93,barrow,71.2906,-156.7887,-22.99,84,20,3.09,US,1681386999
94,fomboni,-12.28,43.7425,28.47,70,37,3.29,KM,1681386999
95,ferrol,43.4832,-8.2369,14.26,72,79,7.59,ES,1681386999
96,port lincoln,-34.7333,135.8667,16.02,70,0,5.6,AU,1681386999
97,ubinskoye,55.3068,79.6802,5.53,78,85,3.75,RU,1681386999
98,richards bay,-28.783,32.0377,26.92,53,15,2.86,ZA,1681387000
99,faanui,-16.4833,-151.75,27.78,70,8,5.97,PF,1681387000
100,liberal,37.0431,-100.921,13.08,54,0,7.2,US,1681386932
101,salalah,17.0151,54.0924,31.05,66,20,5.14,OM,1681386886
102,tala,30.6803,30.9429,25.36,27,0,6.53,EG,1681387000
103,chuy,-33.6971,-53.4616,15.07,69,94,3.4,UY,1681386846
104,yellowknife,62.456,-114.3525,-9.71,92,0,2.57,CA,1681387000
105,tuatapere,-46.1333,167.6833,10.78,91,65,1.81,NZ,1681387001
106,octeville,49.6261,-1.6435,9.27,66,75,6.17,FR,1681387001
107,dingle,10.9995,122.6711,25.9,82,84,0.59,PH,1681387001
108,jamestown,42.097,-79.2353,18.77,72,0,5.14,US,1681387001
109,pevek,69.7008,170.3133,-17.88,97,99,0.24,RU,1681387001
110,chapais,49.7834,-74.8492,-4.12,94,69,2.77,CA,1681387001
111,talnakh,69.4865,88.3972,-23.22,95,100,2.83,RU,1681387002
112,khatanga,71.9667,102.5,-19.52,86,66,3.3,RU,1681387002
113,bredasdorp,-34.5322,20.0403,22.08,45,34,7.88,ZA,1681387002
114,kaitangata,-46.2817,169.8464,11.64,87,98,4.74,NZ,1681387002
115,camacupa,-12.0167,17.4833,20.93,79,100,1.59,AO,1681387002
116,pouebo,-20.4,164.5667,24.57,87,80,1.02,NC,1681387002
117,guaraniacu,-25.1008,-52.8781,20.65,71,1,1.44,BR,1681387002
118,marawi,7.9986,124.2928,21.51,96,41,0.35,PH,1681387003
119,wabash,40.7978,-85.8205,12.51,77,16,3.25,US,1681387003
120,saint george,37.1041,-113.5841,19.03,34,0,3.6,US,1681386933
121,poshekhonye,58.4993,39.1353,6.52,44,87,5.88,RU,1681387003
122,treinta y tres,-33.2333,-54.3833,13.65,78,78,3.05,UY,1681387003
123,dhidhdhoo,6.8833,73.1,29.05,70,12,2.53,MV,1681387004
124,along,28.1667,94.7667,24.78,59,17,0.57,IN,1681387004
125,abilene,32.4487,-99.7331,14.12,68,0,8.75,US,1681386917
126,touros,-5.1989,-35.4608,28.18,76,99,6.43,BR,1681387004
127,padang,-0.9492,100.3543,29.03,86,94,0.82,ID,1681387004
128,port-gentil,-0.7193,8.7815,30.98,70,40,2.57,GA,1681387004
129,kerema,-7.9631,145.7785,25.96,83,100,1.69,PG,1681387004
130,anchorage,61.2181,-149.9003,2.03,74,75,4.63,US,1681386791
131,diffa,13.3154,12.6113,35.36,9,72,7.25,NE,1681387005
132,aripuana,-9.1667,-60.6333,24.3,94,97,0.58,BR,1681387005
133,conceicao do coite,-11.5639,-39.2828,26.62,52,100,2.35,BR,1681387005
134,lasa,46.6166,10.7002,4.49,90,100,3.48,IT,1681387006
135,lethem,3.3803,-59.7968,27.61,61,100,5.15,GY,1681387006
136,los llanos de aridane,28.6585,-17.9182,19.86,64,75,6.69,ES,1681387006
137,coka,45.9425,20.1433,18.04,44,76,5.09,RS,1681387006
138,riverton,40.5219,-111.9391,8.96,76,40,5.81,US,1681387007
139,kyaukse,21.6,96.1333,37.0,44,20,1.54,MM,1681387007
140,shaowu,27.3409,117.4831,19.66,98,66,0.83,CN,1681387007
141,nerchinskiy zavod,51.3088,119.61,-1.42,72,9,2.72,RU,1681387007
142,san rafael,-34.6177,-68.3301,11.02,56,86,3.5,AR,1681386717
143,leningradskiy,69.3833,178.4167,-25.95,99,74,2.36,RU,1681387007
144,derzhavinsk,51.1,66.3167,17.83,31,100,3.04,KZ,1681387008
145,laizhou,37.1717,119.9214,15.84,55,100,4.25,CN,1681387008
146,grindavik,63.8424,-22.4338,5.26,75,40,3.09,IS,1681387008
147,sechura,-5.5569,-80.8222,26.29,74,100,1.49,PE,1681387008
148,san jose,37.3394,-121.895,8.26,80,0,4.92,US,1681386930
149,zhanakorgan,43.9098,67.2495,29.63,17,76,6.53,KZ,1681387008
150,westport,41.1415,-73.3579,21.82,54,0,1.34,US,1681387009
151,norman wells,65.282,-126.8329,-12.98,78,75,3.6,CA,1681387009
152,lagoa,39.05,-27.9833,15.83,84,78,5.08,PT,1681387009
153,provideniya,64.3833,-173.3,-20.95,97,37,2.93,RU,1681387009
154,bambous virieux,-20.3428,57.7575,29.56,79,40,1.03,MU,1681387009
155,half moon bay,37.4636,-122.4286,9.99,79,0,5.14,US,1681387009
156,buraydah,26.326,43.975,21.25,15,35,1.29,SA,1681387010
157,honningsvag,70.9821,25.9704,2.86,65,14,12.35,NO,1681387010
158,kieta,-6.2167,155.6333,25.89,84,100,0.61,PG,1681387010
159,qujing,25.4833,103.7833,21.91,16,0,5.34,CN,1681387010
160,port said,31.2565,32.2841,19.99,68,40,4.12,EG,1681387010
161,dubbo,-32.25,148.6167,15.07,77,61,2.57,AU,1681387010
162,tuktoyaktuk,69.4541,-133.0374,-27.65,100,93,2.76,CA,1681387010
163,lavrentiya,65.5833,-171.0,-22.45,91,11,3.32,RU,1681387011
164,torbay,47.6666,-52.7314,1.43,96,100,6.17,CA,1681387011
165,belmonte,-15.8631,-38.8828,26.12,81,48,0.97,BR,1681387011
166,nouakchott,18.0858,-15.9785,30.96,56,75,0.76,MR,1681387011
167,klaksvik,62.2266,-6.589,8.51,86,50,7.26,FO,1681387011
168,agaro,7.85,36.65,27.72,38,99,1.74,ET,1681387011
169,vanimo,-2.6741,141.3028,25.88,86,30,2.34,PG,1681387012
170,mitsamiouli,-11.3847,43.2844,28.06,72,47,1.63,KM,1681387012
171,severo-kurilsk,50.6789,156.125,1.29,99,100,8.8,RU,1681387012
172,ahipara,-35.1667,173.1667,16.68,95,86,2.9,NZ,1681387012
173,montbrison,45.6667,4.0833,12.19,44,49,4.61,FR,1681387012
174,necochea,-38.5473,-58.7368,12.14,63,87,6.33,AR,1681387013
175,oistins,13.0667,-59.5333,26.05,73,40,7.2,BB,1681387013
176,rio gallegos,-51.6226,-69.2181,-4.97,100,0,1.03,AR,1681387013
177,lorengau,-2.0226,147.2712,27.77,81,88,4.55,PG,1681387013
178,dashitou,43.3067,128.5114,6.89,32,98,2.41,CN,1681387013
179,mahebourg,-20.4081,57.7,29.58,79,40,1.03,MU,1681387014
180,igrim,63.1906,64.4162,-8.25,61,74,3.54,RU,1681387014
181,coahuayana,18.7333,-103.6833,20.08,59,60,1.18,MX,1681387014
182,luanda,-8.8368,13.2343,29.0,70,40,3.6,AO,1681386995
183,akyab,20.15,92.9,28.9,74,1,5.38,MM,1681387014
184,kantang,7.4054,99.5156,32.05,66,20,3.09,TH,1681387014
185,bethel,41.3712,-73.414,21.12,50,0,1.79,US,1681387015
186,nicoya,10.1483,-85.452,23.93,79,26,1.06,CR,1681387015
187,aasiaat,68.7098,-52.8699,-7.21,98,99,2.33,GL,1681387015
188,ostrovnoy,68.0531,39.5131,-6.29,82,27,4.69,RU,1681387015
189,palu,-0.8917,119.8707,25.67,95,77,0.53,ID,1681387015
190,olafsvik,64.8945,-23.7142,3.0,72,36,2.19,IS,1681387015
191,georgetown,5.4112,100.3354,30.97,79,20,3.6,MY,1681386822
192,harper,4.375,-7.7169,29.45,73,35,2.47,LR,1681387016
193,miandrivazo,-19.5167,45.4667,31.11,51,99,1.75,MG,1681387016
194,xai-xai,-25.0519,33.6442,29.08,51,2,4.51,MZ,1681387016
195,banda aceh,5.5577,95.3222,27.81,75,55,2.74,ID,1681387016
196,mount isa,-20.7333,139.5,24.87,44,96,2.06,AU,1681387016
197,victoria,22.2855,114.1577,25.21,80,53,4.92,HK,1681386834
198,sandwick,60.0,-1.25,7.9,76,40,4.63,GB,1681387017
199,karratha,-20.7377,116.8463,30.61,60,100,2.59,AU,1681387017
200,jishou,28.3167,109.7167,23.09,86,44,0.51,CN,1681387017
201,palmas,-10.2128,-48.3603,25.93,89,20,1.54,BR,1681387018
202,kuusamo,65.9667,29.1833,-2.98,59,0,5.14,FI,1681386483
203,esil,51.9556,66.4042,17.03,37,88,3.85,KZ,1681387018
204,natal,-5.795,-35.2094,27.36,83,75,4.12,BR,1681386542
205,san-pedro,4.7485,-6.6363,29.88,72,27,4.49,CI,1681386845
206,lubango,-14.9172,13.4925,23.29,54,94,2.96,AO,1681386925
207,taoudenni,22.6783,-3.9836,34.85,6,56,3.28,ML,1681387019
208,fortuna,40.5982,-124.1573,2.77,90,40,1.74,US,1681387019
209,riviere-au-renard,48.9957,-64.3971,4.16,88,10,5.26,CA,1681387019
210,san patricio,28.017,-97.5169,19.91,89,0,1.7,US,1681387019
211,mlimba,-8.8,35.8167,27.83,78,74,1.71,TZ,1681387019
212,sioux lookout,50.1001,-91.917,2.04,80,75,2.57,CA,1681387019
213,fukue,32.6881,128.8419,16.05,67,74,2.71,JP,1681387019
214,vostok,46.4856,135.8833,-1.4,84,100,1.86,RU,1681387020
215,nyagan,62.1406,65.3936,-10.68,82,98,4.49,RU,1681387020
216,lata,40.1629,-8.3327,15.04,62,100,2.13,PT,1681387020
217,raudeberg,61.9875,5.1352,11.37,61,100,4.33,NO,1681387020
218,longyearbyen,78.2186,15.6401,0.91,75,75,2.57,SJ,1681387020
219,mar del plata,-38.0023,-57.5575,12.83,89,40,2.06,AR,1681387021
220,te anau,-45.4167,167.7167,9.03,97,36,0.94,NZ,1681387021
221,flinders,-34.5833,150.8552,17.88,91,94,2.24,AU,1681387021
222,sangar,63.9242,127.4739,-2.66,98,100,1.87,RU,1681387021
223,saurimo,-9.6608,20.3916,27.81,54,38,1.92,AO,1681387021
224,koshurnikovo,54.1667,93.3,0.05,75,100,2.0,RU,1681387021
225,eydhafushi,5.1033,73.0708,28.81,74,16,4.35,MV,1681387022
226,ballina,-28.8667,153.5667,16.55,73,1,5.69,AU,1681387022
227,araouane,18.9048,-3.5265,35.52,6,96,4.91,ML,1681387022
228,saint-augustin,51.226,-58.6502,3.3,68,65,4.26,CA,1681386861
229,fort nelson,58.8053,-122.7002,1.77,48,20,2.57,CA,1681387023
230,nanakuli,21.3906,-158.1547,23.97,75,0,2.06,US,1681387023
231,alice springs,-23.7,133.8833,25.75,36,100,3.6,AU,1681387023
232,souillac,-20.5167,57.5167,29.21,79,40,1.03,MU,1681387023
233,ocosingo,17.0667,-92.25,13.76,98,18,1.01,MX,1681387024
234,merauke,-8.4667,140.3333,26.17,83,99,1.11,ID,1681386908
235,urumqi,43.801,87.6005,15.53,23,0,4.0,CN,1681387024
236,kremenki,54.885,37.1261,18.77,35,98,6.5,RU,1681387025
237,masvingo,-20.0637,30.8277,28.79,24,4,2.97,ZW,1681387025
238,boa vista,2.8197,-60.6733,27.99,65,0,6.17,BR,1681386914
239,dunedin,-45.8742,170.5036,12.11,92,99,3.58,NZ,1681387025
240,vila velha,-20.3297,-40.2925,27.75,73,40,2.06,BR,1681387025
241,sitka,57.0531,-135.33,2.94,93,100,3.09,US,1681387026
242,phalodi,27.1333,72.3667,37.67,12,9,1.69,IN,1681387026
243,khorramshahr,30.4397,48.1664,24.97,43,75,5.14,IR,1681387026
244,wanning,18.8003,110.3967,24.17,90,50,2.62,CN,1681387027
245,pisco,-13.7,-76.2167,22.03,83,0,3.09,PE,1681387027
246,boulder,40.0833,-105.3505,13.76,36,100,0.89,US,1681386813
247,cockburn town,21.4612,-71.1419,25.45,79,3,7.03,TC,1681387027
248,broome,42.2506,-75.833,17.23,53,0,4.63,US,1681387027
249,seymchan,62.8833,152.4333,-19.15,95,11,1.2,RU,1681387027
250,zhezkazgan,47.8043,67.7144,17.99,36,75,7.0,KZ,1681387028
251,tadine,-21.55,167.8833,25.16,83,64,1.84,NC,1681387028
252,bluff,-46.6,168.3333,11.56,81,39,9.28,NZ,1681387028
253,crixas,-14.5489,-49.9692,25.46,81,50,2.2,BR,1681387028
254,verkhniy fiagdon,42.8333,44.3053,5.37,95,100,0.47,RU,1681387028
255,coreau,-3.5333,-40.6567,26.48,74,70,1.55,BR,1681387029
256,prince rupert,54.3161,-130.3201,3.83,86,100,12.86,CA,1681387029
257,pemba,-12.974,40.5178,27.72,73,78,4.69,MZ,1681387029
258,borujerd,33.8973,48.7516,14.05,44,40,15.95,IR,1681387029
259,havre,49.5833,0.3333,12.41,66,20,6.17,FR,1681387030
260,mapiri,-15.25,-68.1667,21.48,98,100,0.16,BO,1681387030
261,xining,36.6167,101.7667,6.32,62,100,9.73,CN,1681387030
262,saskylakh,71.9167,114.0833,-21.94,93,13,2.88,RU,1681387030
263,yar-sale,66.8333,70.8333,-16.71,86,44,9.46,RU,1681387030
264,el sauzal,31.9,-116.6833,11.34,84,99,4.37,MX,1681387031
265,turukhansk,65.8167,87.9833,-16.7,80,100,1.14,RU,1681387031
266,aykhal,66.0,111.5,-14.9,91,95,3.97,RU,1681387031
267,aran,40.6253,46.9756,18.75,52,75,10.29,AZ,1681387031
268,namibe,-15.1961,12.1522,27.75,60,29,3.97,AO,1681387031
269,hutchinson,38.0608,-97.9298,12.55,74,0,5.14,US,1681387028
270,paamiut,61.994,-49.6678,0.81,64,100,1.29,GL,1681387032
271,pine bluff,34.2284,-92.0032,15.96,85,20,0.0,US,1681387015
272,saint-philippe,-21.3585,55.7679,29.77,79,31,0.47,RE,1681387032
273,tosya,41.0155,34.0401,11.42,50,71,5.8,TR,1681387032
274,vao,-22.6667,167.4833,25.37,77,100,2.93,NC,1681387033
275,honiara,-9.4333,159.95,25.87,88,94,0.81,SB,1681387033
276,namatanai,-3.6667,152.4333,27.35,78,99,5.96,PG,1681387033
277,sobolevo,54.4299,31.8996,14.7,43,100,5.23,RU,1681387034
278,akdepe,42.0551,59.3788,38.05,9,98,7.37,TM,1681387034
279,sur,22.5667,59.5289,30.19,48,37,2.78,OM,1681386486
280,kabanjahe,3.1001,98.4908,18.71,95,99,0.66,ID,1681387034
281,zyryanka,65.75,150.85,-19.67,100,46,2.13,RU,1681387034
282,alofi,-19.0595,-169.9187,25.94,83,100,5.14,NU,1681387034
283,vadso,70.0744,29.7487,2.09,55,0,7.72,NO,1681386934
284,belaya gora,68.5333,146.4167,-21.19,100,32,1.21,RU,1681387035
285,codrington,-38.2667,141.9667,14.05,88,1,4.51,AU,1681387035
286,kushiro,42.975,144.3747,7.53,45,20,3.09,JP,1681387035
287,bure,10.7,37.0667,25.04,32,97,2.34,ET,1681387035
288,margate,51.3813,1.3862,13.16,50,38,0.89,GB,1681387036
289,marovoay,-16.1,46.6333,31.43,56,20,1.28,MG,1681387036
290,eureka,40.8021,-124.1637,3.71,93,11,2.34,US,1681387036
291,kikugawa,34.7563,138.0874,14.66,72,40,2.06,JP,1681387036
292,beringovskiy,63.05,179.3167,-20.01,98,100,3.06,RU,1681387037
293,mandalgovi,45.7625,106.2708,-2.61,42,3,9.49,MN,1681387037
294,zhigansk,66.7697,123.3711,-7.42,95,100,2.79,RU,1681387037
295,catamarca,-28.4696,-65.7852,16.99,99,100,0.45,AR,1681386638
296,cabo san lucas,22.8909,-109.9124,20.84,50,99,0.45,MX,1681387015
297,kodiak,57.79,-152.4072,2.73,65,100,0.0,US,1681387037
298,cartagena,10.3997,-75.5144,25.79,89,0,1.54,CO,1681386499
299,sao filipe,14.8961,-24.4956,23.21,75,51,2.47,CV,1681387038
300,ikalamavony,-21.15,46.5833,27.48,47,96,2.01,MG,1681387038
301,yarada,17.65,83.2667,31.21,58,0,6.2,IN,1681387038
302,sabang,5.8933,95.3214,28.69,72,42,3.62,ID,1681387038
303,kenora,49.8167,-94.4337,3.54,75,75,4.12,CA,1681387038
304,sarahan,31.5167,77.8,17.47,42,18,2.67,IN,1681387039
305,broken hill,-31.95,141.4333,14.8,67,0,3.63,AU,1681387039
306,sorong,-0.8833,131.25,28.18,78,87,4.37,ID,1681387039
307,casa nova,-9.4167,-41.1333,27.43,54,88,6.77,BR,1681387039
308,the valley,18.217,-63.0578,26.57,83,40,4.12,AI,1681387039
309,maykor,59.0059,55.88,0.78,63,97,5.5,RU,1681387039
310,west wendover,40.7391,-114.0733,3.56,45,100,12.86,US,1681387040
311,tepoztlan,18.9833,-99.1,17.93,60,57,1.01,MX,1681387040
312,yeppoon,-23.1333,150.7333,22.88,50,1,3.07,AU,1681387040
313,wanaka,-44.7,169.15,10.79,94,99,1.72,NZ,1681387040
314,huntingdon,52.3305,-0.1865,13.93,55,38,4.92,GB,1681387040
315,kamina,-8.7386,24.9906,25.96,66,49,2.33,CD,1681387041
316,hay river,60.8156,-115.7999,-9.01,92,100,4.12,CA,1681387041
317,esperance,-33.8667,121.9,21.29,55,68,6.2,AU,1681387041
318,chichester,50.8367,-0.78,12.81,58,33,1.79,GB,1681386768
319,ayan,56.45,138.1667,-7.73,84,77,4.62,RU,1681387042
320,kodinsk,58.6881,99.1844,0.91,66,100,5.96,RU,1681387042
321,alappuzha,9.49,76.3264,28.89,70,15,4.89,IN,1681387042
322,umm lajj,25.0213,37.2685,23.15,46,0,9.29,SA,1681387042
323,aras,42.5617,-2.356,11.23,41,40,8.23,ES,1681387043
324,bulawayo,-20.15,28.5833,29.97,15,3,2.06,ZW,1681387043
325,chara,56.9064,118.2631,-7.08,85,94,1.05,RU,1681387043
326,magdagachi,53.45,125.8,-3.41,94,100,1.63,RU,1681387043
327,manokwari,-0.8667,134.0833,26.81,78,39,0.67,ID,1681387044
328,fauske,67.2588,15.3918,10.02,69,18,4.03,NO,1681386872
329,kuliyapitiya,7.4688,80.0401,30.82,70,37,2.81,LK,1681387044
330,mahajanga,-15.7167,46.3167,34.01,59,40,2.06,MG,1681387044
331,havre-saint-pierre,50.2334,-63.5986,3.0,87,20,3.09,CA,1681387044
332,saint-pierre,-21.3393,55.4781,29.82,70,40,7.72,RE,1681387045
333,lamu,-2.2717,40.902,32.12,61,100,5.25,KE,1681387045
334,castro,-24.7911,-50.0119,20.53,76,0,1.93,BR,1681387045
335,grand gaube,-20.0064,57.6608,29.65,70,12,2.24,MU,1681387046
336,mehamn,71.0357,27.8492,1.97,69,0,9.77,NO,1681387046
337,ajdabiya,30.7554,20.2263,25.51,17,0,4.05,LY,1681386904
338,agadez,19.75,10.25,29.86,7,94,3.24,NE,1681387046
339,meulaboh,4.1363,96.1285,27.4,78,97,1.75,ID,1681387047
340,saint-joseph,-21.3667,55.6167,29.21,80,27,0.95,RE,1681387047
341,pathein,16.7833,94.7333,29.14,57,44,4.87,MM,1681387047
342,mangrol,21.1167,70.1167,30.01,52,99,7.92,IN,1681387047
343,soligalich,59.0778,42.2864,4.8,45,78,5.26,RU,1681386965
344,olga,43.7444,135.2892,5.65,49,0,0.94,RU,1681387047
345,gawler,-34.6,138.7333,16.23,80,0,2.32,AU,1681386976
346,urla,38.3229,26.764,20.22,41,1,2.64,TR,1681386850
347,kisii,-0.6817,34.7667,17.13,93,98,1.32,KE,1681387048
348,rocha,-34.4833,-54.3333,16.14,52,90,5.45,UY,1681386720
349,naze,28.3667,129.4833,19.51,89,35,6.17,JP,1681387048
350,roblin,51.23,-101.3565,-0.42,91,83,1.59,CA,1681387049
351,bengkulu,-3.8004,102.2655,26.91,79,83,0.56,ID,1681387049
352,huilong,31.8111,121.655,14.96,90,100,6.75,CN,1681387049
353,khani,41.9563,42.9566,5.76,97,100,2.7,GE,1681387049
354,fuerte olimpo,-21.0415,-57.8738,24.92,87,2,2.82,PY,1681387050
355,winston-salem,36.0999,-80.2442,12.17,68,0,1.54,US,1681386766
356,usinsk,65.9939,57.5281,-11.12,68,6,5.24,RU,1681387050
357,robertsport,6.7533,-11.3686,28.16,78,43,4.66,LR,1681387050
358,malanville,11.8685,3.3899,40.54,13,28,3.88,BJ,1681387050
359,encantado,-29.2361,-51.8697,21.45,95,90,2.0,BR,1681387025
360,jiaocheng,24.6774,116.1389,23.45,83,79,0.98,CN,1681387051
361,boyolangu,-8.1181,111.8935,25.0,87,100,2.4,ID,1681386830
362,obanazawa,38.6033,140.4019,8.06,53,6,0.62,JP,1681387051
363,maracaibo,10.6317,-71.6406,26.64,74,97,2.38,VE,1681386894
364,bombay,19.0144,72.8479,33.99,49,40,4.12,IN,1681386926
365,ancud,-41.8697,-73.8203,9.0,82,100,2.85,CL,1681387052
366,kalmunai,7.4167,81.8167,29.08,73,7,3.4,LK,1681387053
367,araguacu,-12.9306,-49.8264,25.56,85,89,1.32,BR,1681387053
368,roald,62.5833,6.1333,13.08,47,0,8.23,NO,1681387053
369,gwanda,-20.9333,29.0,30.74,14,0,2.96,ZW,1681387053
370,tungor,53.3808,142.9564,-2.61,97,100,3.68,RU,1681387053
371,prince george,53.9166,-122.753,0.69,67,75,1.54,CA,1681387053
372,novyy urengoy,66.0833,76.6333,-16.54,92,100,7.77,RU,1681387053
373,olonets,60.9847,32.9698,2.28,70,22,6.41,RU,1681387033
374,poronaysk,49.2167,143.1167,-0.46,92,55,1.5,RU,1681387054
375,kahta,37.7855,38.6237,13.65,81,75,5.14,TR,1681387054
376,adrar,20.5022,-10.0711,31.66,18,23,4.22,MR,1681387055
377,puerto leguizamo,-0.1934,-74.7819,22.86,95,100,0.61,CO,1681387055
378,nome,64.5011,-165.4064,-25.96,84,0,0.0,US,1681387055
379,atyrau,47.1167,51.8833,22.01,46,75,7.0,KZ,1681387055
380,pangnirtung,66.1451,-65.7125,-12.0,61,20,1.54,CA,1681387055
381,laguna,38.421,-121.4238,10.08,46,0,7.72,US,1681387045
382,beberibe,-4.1797,-38.1306,27.42,75,100,4.81,BR,1681387056
383,kokopo,-4.352,152.2633,25.85,81,95,2.43,PG,1681387056
384,luganville,-15.5333,167.1667,26.42,86,98,1.93,VU,1681387056
385,dergachi,51.2328,48.7659,17.78,44,100,11.85,RU,1681387056
386,hasanabad,36.5465,61.0543,39.07,9,27,9.34,IR,1681387056
387,katsuura,35.1333,140.3,15.72,72,6,6.66,JP,1681387057
388,pasni,25.2631,63.471,27.04,70,0,9.03,PK,1681387057
389,cidreira,-30.1811,-50.2056,19.75,87,91,7.18,BR,1681387057
390,tukrah,32.5341,20.5791,21.8,37,1,5.87,LY,1681387058
391,jaisinghnagar,23.7,81.3833,37.48,13,100,3.81,IN,1681387058
392,moron,-34.6534,-58.6198,13.32,72,100,3.43,AR,1681387058
393,hailey,43.5196,-114.3153,-1.72,75,86,8.94,US,1681387058
394,cuamba,-14.8031,36.5372,25.49,76,87,1.64,MZ,1681387058
395,aklavik,68.2191,-135.0107,-21.75,91,100,2.76,CA,1681387058
396,port hawkesbury,45.6169,-61.3485,7.17,88,0,5.66,CA,1681387059
397,nanpiao,41.0982,120.7479,16.04,22,81,5.18,CN,1681387059
398,atambua,-9.1061,124.8925,24.03,88,89,0.73,ID,1681387059
399,pedernales,18.0384,-71.744,25.87,72,7,0.59,DO,1681386616
400,mogzon,51.7435,111.9606,-2.71,89,100,4.24,RU,1681387059
401,melfort,52.8667,-104.6177,-1.93,80,38,5.14,CA,1681387059
402,seoul,37.5683,126.9778,12.76,32,0,0.51,KR,1681386750
403,nago,26.5881,127.9761,22.47,82,73,6.06,JP,1681386827
404,bontang,0.1333,117.5,27.7,85,85,3.11,ID,1681387060
405,vila franca do campo,37.7167,-25.4333,16.23,74,44,2.97,PT,1681387060
406,teya,60.3778,92.6267,-3.79,97,100,2.7,RU,1681387060
407,delta del tigre,-34.7633,-56.3853,16.05,67,75,2.06,UY,1681387061
408,maraa,-1.8333,-65.3667,23.43,89,99,1.27,BR,1681387061
409,nantucket,41.2835,-70.0995,13.41,81,0,3.09,US,1681386956
410,nyurba,63.2842,118.3319,-12.44,93,93,1.14,RU,1681387061
411,suntar,62.1444,117.6319,-11.71,93,61,1.61,RU,1681387061
412,blagoyevo,63.3667,47.9167,-5.46,62,5,3.84,RU,1681387062
413,valparaiso,-33.0393,-71.6273,17.22,64,0,2.39,CL,1681386523
414,pingliang,35.5392,106.6861,15.96,33,91,6.4,CN,1681387062
415,nadym,65.5333,72.5167,-15.5,85,95,9.05,RU,1681387062
416,lira,2.235,32.9097,30.59,34,100,1.73,UG,1681387062
417,okha,53.5739,142.9478,-2.33,97,100,4.33,RU,1681387062
418,saryagash,41.4511,69.1701,30.98,28,95,0.97,KZ,1681387062
419,olovyannaya,50.95,115.5667,5.87,38,53,3.53,RU,1681387063
420,manaure,11.7751,-72.4445,25.45,74,98,6.0,CO,1681387063
421,chifeng,42.2683,118.9636,10.16,22,81,3.01,CN,1681387063
422,kenai,60.5544,-151.2583,1.05,86,100,6.17,US,1681387063
423,junagarh,19.8667,82.9333,40.41,12,2,1.02,IN,1681387063
424,ternate,0.8,127.4,28.09,77,70,1.69,ID,1681387063
425,palmer,42.1584,-72.3287,20.74,52,1,0.45,US,1681387063
426,vaasa,63.096,21.6158,9.01,43,0,6.17,FI,1681387064
427,quimper,48.0,-4.1,11.32,62,75,9.77,FR,1681387064
428,smidovich,48.6,133.8167,2.71,66,99,2.79,RU,1681387064
429,portland,45.5234,-122.6762,4.92,92,100,1.34,US,1681387025
430,vestmanna,62.1564,-7.1664,7.51,76,100,4.63,FO,1681387065
431,komsomolskiy,40.4272,71.7189,25.4,33,100,2.06,UZ,1681387065
432,snezhnogorsk,69.1933,33.2531,0.88,70,16,5.37,RU,1681387065
433,mnogovershinnyy,53.9353,139.9242,-6.46,95,100,4.98,RU,1681387065
434,cayenne,4.9333,-52.3333,25.02,94,75,0.0,GF,1681386958
435,arona,28.0996,-16.681,24.95,51,0,10.8,ES,1681387065
436,sisimiut,66.9395,-53.6735,-3.85,81,36,1.73,GL,1681387066
437,sao joao da barra,-21.6403,-41.0511,25.05,76,66,3.53,BR,1681387066
438,norfolk,42.1668,-71.2495,17.03,53,12,0.89,US,1681387066
439,jinchang,38.4953,102.1739,7.93,50,100,2.77,CN,1681387066
440,coihaique,-45.5752,-72.0662,-6.03,100,0,0.51,CL,1681387066
441,baykit,61.67,96.37,-0.38,96,100,2.91,RU,1681387066
442,matagami,49.7502,-77.6328,2.06,75,75,2.06,CA,1681387067
443,lethbridge,49.7,-112.8186,-2.19,93,0,2.57,CA,1681387067
444,victor harbor,-35.5667,138.6167,14.27,85,37,1.7,AU,1681387067
445,fare,-16.7,-151.0167,27.36,73,3,6.37,PF,1681387067
446,vilyuysk,63.7553,121.6247,-7.95,93,100,2.07,RU,1681387067
447,pacific grove,36.6177,-121.9166,6.06,82,0,2.57,US,1681387019
448,kibaha,-6.7667,38.9167,24.29,67,99,3.7,TZ,1681387067
449,khalkhal,37.6189,48.5258,11.77,34,82,14.1,IR,1681387068
450,nioro,13.35,-15.75,36.14,24,100,3.27,GM,1681387068
451,itoman,26.1247,127.6694,23.01,85,75,7.72,JP,1681387068
452,bulgan,48.8125,103.5347,-3.22,48,88,0.5,MN,1681387068
453,lisakovsk,52.5369,62.4936,16.16,41,100,2.43,KZ,1681387068
454,tokur,53.1333,132.9,-9.51,93,100,1.69,RU,1681387069
455,huadian,42.9633,126.7478,11.13,23,100,1.86,CN,1681387069
456,ayame,5.6083,-3.1563,33.78,51,36,2.63,CI,1681387069
457,santa cruz de la palma,28.6835,-17.7642,22.08,64,75,6.69,ES,1681387069
458,southbridge,42.0751,-72.0334,20.58,63,8,0.89,US,1681387069
459,rafaela,-31.2503,-61.4867,15.0,60,96,2.24,AR,1681387069
460,davila,18.4726,120.5763,29.99,88,21,4.85,PH,1681387070
461,mikhaylovka,50.06,43.2379,14.83,44,100,9.81,RU,1681386740
462,pochutla,15.7432,-96.4661,21.57,69,51,1.31,MX,1681387070
463,twin falls,42.3505,-114.6445,-1.81,64,100,8.75,US,1681387070
464,arroyo,41.6096,-4.7969,13.95,38,20,5.66,ES,1681387070
465,sola,-13.8833,167.55,27.01,80,100,4.89,VU,1681387070
466,sinnamary,5.3833,-52.95,26.6,82,41,2.8,GF,1681387071
467,ebeltoft,56.1944,10.6821,12.01,62,40,5.14,DK,1681387071
468,petropavlovsk-kamchatskiy,53.0452,158.6483,-0.67,80,75,6.0,RU,1681387071
469,two rivers,44.1539,-87.5693,19.07,59,0,5.66,US,1681387071
470,zhuhai,22.2769,113.5678,26.59,88,20,4.63,CN,1681387071
471,apopka,28.6806,-81.5095,21.68,97,91,2.83,US,1681387072
472,wewak,-3.5534,143.6268,26.84,85,28,5.22,PG,1681386811
473,cabedelo,-6.9811,-34.8339,28.37,74,88,7.58,BR,1681387072
474,korla,41.7597,86.1469,18.12,19,21,8.09,CN,1681387072
475,constitucion,-35.3333,-72.4167,13.31,88,94,1.46,CL,1681387072
476,ginda,30.6945,78.4932,23.75,24,13,2.6,IN,1681387072
477,salym,60.0625,71.4789,-10.64,71,99,4.84,RU,1681387072
478,sal rei,16.1833,-22.9167,25.11,65,75,5.14,CV,1681387073
479,narasannapeta,18.4167,84.05,31.37,54,0,5.38,IN,1681387073
480,gat,31.61,34.7642,18.38,100,75,9.12,IL,1681387073
481,shambu,9.5667,37.1,20.76,39,86,1.51,ET,1681387073
482,pokrovskoye,47.4157,38.8971,10.59,92,100,5.61,RU,1681387073
483,butzbach,50.4339,8.6712,11.3,74,100,4.37,DE,1681387073
484,nelson bay,-32.7167,152.15,20.0,97,83,3.13,AU,1681387074
485,berekum,7.4534,-2.584,34.72,43,71,1.41,GH,1681387074
486,goroka,-6.0834,145.3873,17.06,96,100,0.79,PG,1681387074
487,manggar,-2.8833,108.2667,27.53,79,87,1.77,ID,1681387074
488,don sak,9.3168,99.6918,31.94,75,72,2.77,TH,1681387075
489,lianzhou,24.7811,112.3825,23.55,91,42,1.85,CN,1681387075
490,porto walter,-8.2686,-72.7439,23.57,90,90,0.58,BR,1681387075
491,sept-iles,50.2001,-66.3821,3.92,71,20,4.63,CA,1681386931
492,ust-tsilma,65.441,52.1498,-7.68,69,18,2.83,RU,1681387075
493,acajutla,13.5928,-89.8275,26.46,65,100,1.94,SV,1681386867
494,nikolskoye,59.7035,30.7861,6.94,54,99,5.09,RU,1681387075
495,kloulklubed,7.0419,134.2556,25.28,73,33,4.59,PW,1681387076
496,san luis,-33.295,-66.3356,10.76,76,63,5.65,AR,1681387076
497,pontes e lacerda,-15.2261,-59.3353,23.82,92,77,1.24,BR,1681387076
498,ostersund,63.1792,14.6357,5.25,81,40,7.72,SE,1681386878
499,oktyabrskiy,54.4815,53.471,16.26,27,100,3.66,RU,1681387076
500,walvis bay,-22.9575,14.5053,21.35,52,8,6.86,NA,1681387005
501,krasnoarmeysk,51.0239,45.6969,14.73,55,100,12.19,RU,1681387077
502,north bend,43.4065,-124.2243,2.7,94,0,3.6,US,1681387077
503,ilulissat,69.2167,-51.1,-7.74,81,100,0.73,GL,1681387077
504,isangel,-19.55,169.2667,26.5,85,40,2.47,VU,1681387077
505,vila,42.0304,-8.1588,8.17,83,100,2.47,PT,1681387077
506,novo selo,41.4139,22.8811,18.35,46,3,3.01,MK,1681387077
507,kadirli,37.3739,36.0961,17.87,62,48,4.72,TR,1681387078
508,kamenka,51.3223,42.7678,11.43,58,100,10.72,RU,1681386884
509,anju,39.6178,125.6647,10.79,58,100,1.95,KP,1681387078
510,san policarpo,12.1791,125.5072,27.22,85,90,3.85,PH,1681387078
511,cuautlapan,18.8667,-97.0333,15.71,89,36,1.37,MX,1681387078
512,mountain home,43.133,-115.6912,-0.29,85,100,6.26,US,1681387078
513,severo-yeniseyskiy,60.3725,93.0408,-4.68,97,100,1.83,RU,1681387079
514,cayhagan,9.6697,122.4256,26.47,78,6,1.01,PH,1681387079
515,nanortalik,60.1432,-45.2371,1.17,86,100,0.56,GL,1681387079
516,liezen,47.5667,14.2333,6.91,98,100,2.1,AT,1681387079
517,otofuke,42.9917,143.2003,7.53,55,33,1.12,JP,1681387079
518,iqaluit,63.7506,-68.5145,-11.15,85,100,0.89,CA,1681387080
519,hanchuan,30.65,113.7667,21.06,79,60,1.53,CN,1681387080
520,haifa,32.8156,34.9892,18.98,65,21,2.68,IL,1681387080
521,najran,17.4924,44.1277,33.36,21,29,4.56,SA,1681387080
522,ixtapa,20.7,-105.2,19.57,74,81,0.87,MX,1681387080
523,zhigalovo,54.8097,105.1578,-4.36,70,72,0.58,RU,1681387080
524,alta,69.9689,23.2717,3.44,64,0,5.66,NO,1681387081
525,kalach-na-donu,48.691,43.5264,20.72,35,100,3.85,RU,1681387081
526,vestmannaeyjar,63.4427,-20.2734,6.55,81,0,4.63,IS,1681387081
527,bhunya,-26.55,31.0167,27.87,18,0,2.85,SZ,1681387081
528,kangaatsiaq,68.3065,-53.4641,-3.79,83,100,1.9,GL,1681387081
529,itarema,-2.9248,-39.9167,27.81,76,83,4.62,BR,1681387082
530,odemira,37.598,-8.6397,15.65,38,90,5.01,PT,1681387082
531,da nang,16.0678,108.2208,26.99,89,75,2.06,VN,1681387082
532,hami,42.8,93.45,16.5,16,5,8.46,CN,1681387083
533,chipinge,-20.1883,32.6236,26.31,38,1,1.32,ZW,1681387083
534,weifang,36.71,119.1019,19.13,68,100,2.84,CN,1681387083
535,rawson,-43.3002,-65.1023,7.89,51,0,5.31,AR,1681387083
536,puerto baquerizo moreno,-0.9,-89.6,26.56,76,60,0.81,EC,1681387084
537,muros,42.7762,-9.0603,15.64,88,88,7.99,ES,1681387084
538,pandan,14.0453,124.1694,26.06,83,75,2.87,PH,1681387084
539,dromolaxia,34.8761,33.586,21.81,45,40,3.58,CY,1681387084
540,nishihara,26.1842,127.7558,22.6,86,75,7.72,JP,1681387084
541,iquitos,-3.7481,-73.2472,24.02,100,40,1.03,PE,1681387084
542,werda,-25.2667,23.2833,33.08,13,0,6.58,BW,1681387085
543,aquiraz,-3.9014,-38.3911,29.05,76,99,5.11,BR,1681387085
544,xingcheng,40.6167,120.7167,10.41,64,89,4.88,CN,1681387086
545,kosjeric,43.9961,19.9069,19.03,44,91,1.99,RS,1681387086
